syn_id	sample	gene	chrom	pos	ref	alt	consequence	disease	hpo
SYN-101	HG00097	ABCA4	chr1	94060760	C	T	missense_variant		HP:0000662,HP:0000543,HP:0001133,HP:0032286,HP:0030491,HP:0000550,HP:0000580
SYN-102	HG00099	ABCB7	chrX	75053585	C	T	missense_variant		HP:0001263,HP:0002470,HP:0001260,HP:0001321,HP:0000639,HP:0002172,HP:0000602
SYN-103	HG00100	ABCC8	chr11	17404525	G	A	missense_variant		HP:0012594,HP:0004904,HP:0040217,HP:0003119,HP:0030795,HP:0000488,HP:0001271,HP:0002754
SYN-104	HG00101	ACBD6	chr1	180502080	C	A	missense_variant		HP:0001263,HP:0000750,HP:0031936,HP:0000729,HP:0000718,HP:0100716,HP:0025161,HP:0002360,HP:0002069,HP:0000280,HP:0025331,HP:0005280,HP:0000445,HP:0000232,HP:0000219,HP:0001251,HP:0000582,HP:0001337,HP:0025403,HP:0002061,HP:0002172,HP:0007068
SYN-105	HG00103	ACTA1	chr1	229432596	G	C	missense_variant		HP:0008947,HP:0003701,HP:0002783,HP:0012735
SYN-106	HG00105	ACTB	chr7	5528050	A	C	missense_variant		HP:0011229,HP:0011228,HP:0000286,HP:0000527,HP:0000490,HP:0000431,HP:0000455,HP:0000218,HP:0000307,HP:0001643,HP:0001873,HP:0032438,HP:0011877,HP:0011342
SYN-107	HG00106	ACTN1	chr14	68925641	C	T	missense_variant		HP:0001873,HP:0011877,HP:0032438
SYN-108	HG00107	ACVR1	chr2	157774114	C	T	missense_variant		HP:0001822,HP:0011987,HP:0001847,HP:0012531,HP:0003155
SYN-109	HG00109	ADA	chr20	44625566	C	G	missense_variant		HP:0001888,HP:0002720,HP:0004430,HP:0001954,HP:0002850,HP:0006532,HP:0001508,HP:0001270,HP:0009098,HP:0005359,HP:0030273
SYN-110	HG00110	ADA2	chr22	17182620	C	T	missense_variant		HP:0010702,HP:0002140,HP:0025528,HP:0002301,HP:0030880,HP:0005197,HP:0033260,HP:0003493,HP:0033833,HP:0030783,HP:0001954,HP:0034056,HP:0011107,HP:0002027
SYN-111	HG00111	ADAMTS10	chr19	8589302	C	A	missense_variant		HP:0000594,HP:0011003,HP:0007906,HP:0004322,HP:0001156,HP:0001387
SYN-112	HG00112	ADAMTS15	chr11	130449096	C	G	missense_variant		HP:0005879,HP:0001032,HP:0009130,HP:0009884,HP:0004209,HP:0033748,HP:0001762,HP:0001771,HP:0006466,HP:0006380,HP:0031006,HP:0000369,HP:0000486,HP:0000678,HP:0002650,HP:0003306,HP:0002942,HP:0000028
SYN-113	HG00114	ADAMTSL2	chr9	133570448	G	T	missense_variant		HP:0001561,HP:0002205,HP:0003066,HP:0001377,HP:0001263,HP:0004322,HP:0001488,HP:0000233,HP:0000343,HP:0003097,HP:0003022,HP:0005792,HP:0002750,HP:0009803,HP:0010049,HP:0001156
SYN-114	HG00115	ADGRG1	chr16	57659534	C	T	missense_variant		HP:0001251,HP:0002069,HP:0007301,HP:0001270,HP:0007256
SYN-115	HG00116	ADRA2A	chr10	111078198	C	T	missense_variant		HP:0009125,HP:0025383,HP:0002155,HP:0003236,HP:0000819,HP:0000822,HP:0003074
SYN-116	HG00117	AFG3L2	chr18	12351096	G	A	missense_variant		HP:0001252,HP:0002064,HP:0002313,HP:0020119,HP:0000648,HP:0000639,HP:0000597,HP:0000618,HP:0000551,HP:0000365,HP:0003477,HP:0001347,HP:0002066,HP:0002059
SYN-117	HG00119	AGRN	chr1	1022225	G	A	missense_variant		HP:0002515,HP:0003701,HP:0003547,HP:0009027,HP:0030237,HP:0003393
SYN-118	HG00120	AIRE	chr21	44286007	A	G	missense_variant		HP:0002289,HP:0002728,HP:0001096,HP:0000829,HP:0031817,HP:0008207
SYN-119	HG00121	AK9	chr6	109632911	T	A	missense_variant		HP:0003251,HP:0034011,HP:0012207,HP:0033393,HP:0032559
SYN-120	HG00122	AKT1	chr14	104770805	T	G	missense_variant		HP:0025388,HP:0005584,HP:0012740
SYN-121	HG00125	ALG9	chr11	111836179	C	T	missense_variant		HP:0000252,HP:0001250,HP:0002188,HP:0001272,HP:0002059,HP:0001263,HP:0002240,HP:0001508
SYN-122	HG00126	AMN	chr14	102923978	T	A	missense_variant		HP:0001889,HP:0000093,HP:0100502
SYN-123	HG00127	AMOTL1	chr11	94799659	C	T	missense_variant		HP:0000218,HP:0002650,HP:0011003,HP:0001396
SYN-124	HG00128	AMT	chr3	49422223	C	T	missense_variant		HP:0001263,HP:0001250,HP:0002059,HP:0003108,HP:0010864
SYN-125	HG00130	APOA1	chr11	116836019	A	G	missense_variant		HP:0011034,HP:0002094,HP:0001635,HP:0031799,HP:0003233
SYN-126	HG00131	APOA4	chr11	116821862	G	C	missense_variant		HP:0000092,HP:0000096,HP:0032948,HP:0003774,HP:0012213,HP:0001997,HP:0003124,HP:0000822
SYN-127	HG00132	ARHGEF15	chr17	8315095	G	A	missense_variant		HP:0000819,HP:0031589,HP:0001279,HP:0002354,HP:0012520,HP:0032325,HP:0030892
SYN-128	HG00133	ARMC9	chr2	231206294	G	T	missense_variant		HP:0002419,HP:0001263,HP:0000556,HP:0000496
SYN-129	HG00137	ASAH1	chr8	18075541	G	A	missense_variant		HP:0012473,HP:0001308,HP:0025190,HP:0001336,HP:0002322,HP:0002515,HP:0001265,HP:0003551,HP:0003391,HP:0000467
SYN-130	HG00138	ASCC3	chr6	100606829	C	T	missense_variant		HP:0008936,HP:0012389,HP:0001263,HP:0002194,HP:0010862,HP:0001511,HP:0002015,HP:0000470,HP:0000938,HP:0002816,HP:0003025,HP:0000175
SYN-131	HG00139	ASS1	chr9	130480447	G	A	missense_variant		HP:0011966,HP:0001987,HP:0001250,HP:0001254,HP:0002027
SYN-132	HG00140	ATG4D	chr19	10547235	G	A	missense_variant		HP:0011961,HP:0003251,HP:0040171
SYN-133	HG00142	ATP13A2	chr1	16986864	A	C	missense_variant		HP:0000473,HP:0000605,HP:0000514,HP:0003487,HP:0002067,HP:0001300,HP:0000716,HP:0000726,HP:0001347,HP:0002063
SYN-134	HG00143	ATP2A2	chr12	110339543	G	A	missense_variant		HP:0002913,HP:0003701,HP:0008942,HP:0003326
SYN-135	HG00145	ATP5F1B	chr12	56642532	T	G	missense_variant		HP:0002530,HP:0002451,HP:0007325
SYN-136	HG00146	ATP6V0C	chr16	2519744	A	T	missense_variant		HP:0002373,HP:0002069,HP:0010819,HP:0001263,HP:0000750,HP:0001249,HP:0033715,HP:0002353
SYN-137	HG00149	ATP6V1A	chr3	113784227	G	A	missense_variant		HP:0000973,HP:0000621,HP:0000316,HP:0000298,HP:0000325,HP:0000431,HP:0009933,HP:0000581,HP:0000369,HP:0001629,HP:0002827,HP:0001252
SYN-138	HG00150	ATP6V1E1	chr22	17592721	G	A	missense_variant		HP:0000973,HP:0000325,HP:0000307,HP:0012810,HP:0000444,HP:0000350,HP:0000369,HP:0000621,HP:0001385,HP:0001252,HP:0002751,HP:0001519,HP:0002108,HP:0000316,HP:0012301
SYN-139	HG00151	B2M	chr15	44715641	G	A	missense_variant		HP:0100292,HP:0002028,HP:0012450
SYN-140	HG00154	BAG3	chr10	119672372	C	T	missense_variant		HP:0003236,HP:0000762,HP:0006937,HP:0002166
SYN-141	HG00157	BAIAP2	chr17	81104066	C	G	missense_variant		HP:0001263,HP:0001270,HP:0000750,HP:0001256,HP:0025190,HP:0011147,HP:0032794,HP:0010819,HP:0002353
SYN-142	HG00158	BBS1	chr11	66523885	G	A	missense_variant		HP:0002650,HP:0000545,HP:0007663,HP:0000662,HP:0001513
SYN-143	HG00159	BBS5	chr2	169487136	T	C	missense_variant		HP:0007401,HP:0007843,HP:0007663,HP:0000543,HP:0007737,HP:0000510,HP:0000662,HP:0001513,HP:0007787
SYN-144	HG00160	BCKDHB	chr6	80169013	C	T	missense_variant		HP:0011968,HP:0010911,HP:0010913,HP:0010910,HP:0001254,HP:0001250
SYN-145	HG00173	BCKDK	chr16	31110716	G	C	missense_variant		HP:0011182,HP:0001249,HP:0001263,HP:0000729,HP:0000252,HP:0500132,HP:0500143,HP:0500144
SYN-146	HG00174	BNIP1	chr5	173144632	A	T	missense_variant		HP:0005484,HP:0002979,HP:0100864,HP:0010034,HP:0010236,HP:0003180,HP:0001216,HP:0000926,HP:0003300,HP:0008785,HP:0003375,HP:0002866,HP:0001562,HP:0004322,HP:0008897
SYN-147	HG00176	CAD	chr2	27226130	G	A	missense_variant		HP:0001947,HP:0001508,HP:0001903,HP:0001927,HP:0001981,HP:0004823,HP:0012134,HP:0001987,HP:0001250,HP:0001263,HP:0010862,HP:0002474,HP:0002136,HP:0002014,HP:0001252
SYN-148	HG00177	CALM1	chr14	90404693	C	G	missense_variant		HP:0005184,HP:0001663,HP:0001695,HP:0012266
SYN-149	HG00179	CALM2	chr2	47161750	C	G	missense_variant		HP:0005184,HP:0034305,HP:0001688,HP:0030149,HP:0011664
SYN-150	HG00180	CAPNS1	chr19	36142298	A	G	missense_variant		HP:0001667,HP:0002104,HP:0002092,HP:0002094,HP:0004749,HP:0000961,HP:0001708,HP:0001678,HP:0025179,HP:0031185
SYN-151	HG00181	COL6A2	chr21	46125500	TTCGTCA	T	inframe_indel		HP:0006094,HP:0002827,HP:0000473,HP:0034671,HP:0034391,HP:0001252,HP:0001270,HP:0003701
SYN-152	HG00182	COMP	chr19	18786623	GGGC	G	inframe_indel		HP:0000926,HP:0200055,HP:0003183,HP:0008833,HP:0004568,HP:0003015,HP:0008802,HP:0001156,HP:0002515,HP:0012514
SYN-153	HG00185	GNAO1	chr16	56334827	CCCACTTCACATTCAAGAACCT	C	inframe_indel		HP:0000750,HP:0001263,HP:0025336,HP:0032792,HP:0002521,HP:0010851,HP:0001332,HP:0002421
SYN-154	HG00186	POPDC2	chr3	119654577	GTAGTGCAGAAAC	G	inframe_indel		HP:0005144,HP:0001639,HP:0011705,HP:0011707,HP:0001962,HP:0031676,HP:0006682,HP:0005110,HP:0004749
SYN-155	HG00187	RGS9BP	chr19	32676355	CGGACTCGCA	C	inframe_indel		HP:0030511,HP:0030512,HP:0007663,HP:0000613
SYN-156	HG00188	SLC35C1	chr11	45806301	CCTT	C	inframe_indel		HP:0010864,HP:0001263,HP:0000750,HP:0000729,HP:0001212,HP:0001156,HP:0200055,HP:0000403,HP:0000414,HP:0000349,HP:0000280,HP:0004322
SYN-157	HG00190	TPM2	chr9	35689795	ATCT	A	inframe_indel		HP:0003798,HP:0003803,HP:0034392,HP:0001288,HP:0002650,HP:0007340,HP:0001250
SYN-158	HG00231	TYRP1	chr9	12698521	TCTGCACGGATGA	T	inframe_indel		HP:0000639,HP:0001010,HP:0005599
SYN-159	HG00232	UMOD	chr16	20349012	CTTCGGGGCAGA	AGGAGGCGG	inframe_indel		HP:0000103,HP:0003774,HP:0000089,HP:0000822
SYN-160	HG00233	WFS1	chr4	6301174	CCACCGAGGT	C	inframe_indel		HP:0000873,HP:0000819,HP:0000648,HP:0000639,HP:0000126,HP:0001251,HP:0000365
SYN-161	HG00235	ZIC2	chr13	99982753	C	CCCA	inframe_indel		HP:0005280,HP:0000252,HP:0000520,HP:0002507,HP:0012385
SYN-162	HG00236	APTX	chr9	32984704	T	A	stop_gained		HP:0001251,HP:0001265,HP:0000605,HP:0001260,HP:0002305
SYN-163	HG00237	ARHGEF18	chr19	7467400	G	T	stop_gained		HP:0000543,HP:0001123,HP:0011505,HP:0030786,HP:0007663,HP:0000662,HP:0000510,HP:0025159,HP:0000580
SYN-164	HG00238	ATRX	chrX	77520832	G	A	stop_gained		HP:0000252,HP:0010864,HP:0001935,HP:0002669,HP:0000054,HP:0000028,HP:0000316,HP:0002714,HP:0000280
SYN-165	HG00240	ATXN7L3	chr17	44197244	G	A	stop_gained		HP:0000286,HP:0000486,HP:0000369,HP:0002474,HP:0001263,HP:0031936,HP:0001347,HP:0002188,HP:0001252
SYN-166	HG00242	AXIN1	chr16	293507	G	A	stop_gained		HP:0000341,HP:0002007,HP:0000463,HP:0005280,HP:0004482,HP:0002684,HP:0100670,HP:0003015,HP:0004618,HP:0001385,HP:0000935,HP:0011001,HP:0000316,HP:0000520,HP:0001263
SYN-167	HG00243	BUD13	chr11	116762901	G	A	stop_gained		HP:0003124,HP:0000325,HP:0000337,HP:0011800,HP:0007392,HP:0000958,HP:0031568,HP:0001659,HP:0000407,HP:0000490,HP:0007957,HP:0000518,HP:0009064,HP:0002571,HP:0011968
SYN-168	HG00244	CAPRIN1	chr11	34086169	C	T	stop_gained		HP:0007018,HP:0000455,HP:0000490,HP:0000750
SYN-169	HG00246	CASP2	chr7	143304730	C	T	stop_gained		HP:0001263,HP:0001250,HP:0000238,HP:0001302,HP:0001252,HP:0000648
SYN-170	HG00250	CDK4	chr12	57751078	G	A	stop_gained		HP:0005484,HP:0025379,HP:0002608,HP:0033078,HP:0002925,HP:0011771,HP:0001249,HP:0001328,HP:0012110,HP:0009879,HP:0011931,HP:0002750,HP:0004322,HP:0008897
SYN-171	HG00251	CFAP57	chr1	43224076	C	T	stop_gained		HP:0034011,HP:0012207,HP:0003251
SYN-172	HG00252	CHD7	chr8	60741901	C	T	stop_gained		HP:0000278,HP:0010628,HP:0000193,HP:0000028,HP:0001290,HP:0000378,HP:0000480,HP:0001631,HP:0032466,HP:0033725,HP:0002015
SYN-173	HG00254	CHST14	chr15	40472009	T	TA	stop_gained		HP:0005272,HP:0000316,HP:0000494,HP:0000664,HP:0000369,HP:0000219,HP:0000218,HP:0001181,HP:0001290,HP:0001382,HP:0000974,HP:0001270,HP:0000126,HP:0000028,HP:0001762
SYN-174	HG00255	CHUK	chr10	100205167	G	A	stop_gained		HP:0002101,HP:0001539,HP:0009816,HP:0009824,HP:0000776,HP:0009004,HP:0005623,HP:0002650,HP:0001558,HP:0000568,HP:0010576,HP:0001636,HP:0000085,HP:0025815,HP:0000963,HP:0000202,HP:0005105
SYN-175	HG00256	AAGAB	chr15	67236719	TG	T	frameshift_variant		HP:0007530,HP:0045059,HP:0025114
SYN-176	HG00257	ALPK3	chr15	84840690	AC	A	frameshift_variant		HP:0000218,HP:0000369,HP:0001712,HP:0200128,HP:0001639
SYN-177	HG00259	ANTXR2	chr4	79983928	CCA	C	frameshift_variant		HP:0000212,HP:0034392,HP:0002829,HP:0030350,HP:0000737,HP:0002243,HP:0031359,HP:0004395,HP:0003073,HP:0002902
SYN-178	HG00260	ARHGAP19	chr10	97263447	G	GT	frameshift_variant		HP:0001765,HP:0003707,HP:0008981,HP:0009027,HP:0009053,HP:0001763,HP:0008944,HP:0003477,HP:0006937,HP:0001288
SYN-179	HG00261	ASPM	chr1	197124923	TATCCACA	T	frameshift_variant		HP:0001249,HP:0004322,HP:0004325,HP:0000252
SYN-180	HG00262	BRD4	chr19	15263537	C	TG	frameshift_variant		HP:0000343,HP:0000664,HP:0003196,HP:0000252,HP:0001263,HP:0001511
SYN-181	HG00264	BRPF1	chr3	9742051	G	GATGC	frameshift_variant		HP:0011968,HP:0000494,HP:0000431,HP:0001382,HP:0000508,HP:0000316,HP:0001250,HP:0000311,HP:0001249,HP:0001263,HP:0000750,HP:0031936
SYN-182	HG00265	C10ORF71	chr10	49324457	GA	G	frameshift_variant		HP:0034307,HP:0011664,HP:0001644
SYN-183	HG00266	CAPN1	chr11	65183541	TC	T	frameshift_variant		HP:0002061,HP:0011448,HP:0001761
SYN-184	HG00267	CCDC146	chr7	77282747	AG	A	frameshift_variant		HP:0034011,HP:0012207,HP:0003251,HP:0032559,HP:0032560,HP:0032558,HP:0034309
SYN-185	HG00269	CCT3	chr1	156311164	TG	T	frameshift_variant		HP:0000252,HP:0000657,HP:0000505,HP:0011344,HP:0001249,HP:0007256,HP:0100022,HP:0001251,HP:0000718,HP:0000711,HP:0003429,HP:0001272
SYN-186	HG00271	CEP295	chr11	93667658	CAG	C	frameshift_variant		HP:0004322,HP:0000219,HP:0000340,HP:0011968,HP:0008897,HP:0100040,HP:0009879,HP:0000426,HP:0000343,HP:0000319,HP:0030084,HP:0000411,HP:0002553,HP:0001643,HP:0011451,HP:0001511,HP:0002575
SYN-187	HG00272	CFAP206	chr6	87434981	C	CA	frameshift_variant		HP:0003251,HP:0012208,HP:0032562,HP:0032558,HP:0032559,HP:0032560,HP:0033393
SYN-188	HG00273	CHRDL1	chrX	110762798	GTC	G	frameshift_variant		HP:0000485,HP:0007765,HP:0007663
SYN-189	HG00275	CNTNAP2	chr7	147300152	AAT	A	frameshift_variant		HP:0001263,HP:0001249,HP:0000817,HP:0000718,HP:0002353,HP:0007334,HP:0001252,HP:0030746,HP:0001251
SYN-190	HG00276	CMPK2	chr2	6865695	A	G	start_lost		HP:0031627,HP:0025041,HP:0007352
SYN-191	HG00277	COQ7	chr16	19067667	G	T	start_lost		HP:0001288,HP:0008959,HP:0009053,HP:0001761,HP:0001347,HP:0031993,HP:0007210
SYN-192	HG00278	GLUL	chr1	182388737	T	A	start_lost		HP:0012736,HP:0002069,HP:0200134,HP:0001252,HP:0003429
SYN-193	HG00281	KRT9	chr17	41571523	A	C	start_lost		HP:0007559,HP:0010765,HP:0007556
SYN-194	HG00282	SPG7	chr16	89553932	G	C	missense_variant		HP:0001288,HP:0002061,HP:0002395,HP:0000605,HP:0001272,HP:0033051,HP:0001260,HP:0000639
SYN-195	HG00284	CCIN	chr9	36169627	A	T	missense_variant		HP:0012205,HP:0003251,HP:0032560,HP:0033393
SYN-196	HG00285	FLNB	chr3	58077261	G	C	missense_variant		HP:0000343,HP:0005280,HP:0000316,HP:0004976,HP:0002827,HP:0002650,HP:0002947,HP:0001623,HP:0010049,HP:0002987
SYN-197	HG00290	SPINT2	chr19	38283685	G	GTA	frameshift_variant		HP:0000567,HP:0410030,HP:0000175,HP:0011220,HP:0004467,HP:0002902,HP:0001944,HP:0001508,HP:0011106,HP:0002014
SYN-198	HG00304	SLC6A17	chr1	110174012	G	A	missense_variant		HP:0000343,HP:0000218,HP:0000303,HP:0045025,HP:0000400,HP:0002378,HP:0000748,HP:0000722,HP:0000718,HP:0100716,HP:0000712,HP:0002342,HP:0000750,HP:0001263,HP:0200055
SYN-199	HG00306	HMGCR	chr5	75355129	T	C	missense_variant		HP:0100297,HP:0003803,HP:0100299,HP:0003687,HP:0003713,HP:0003557,HP:0003701,HP:0003327,HP:0003326,HP:0002747
SYN-200	HG00308	FRYL	chr4	48548696	A	G	missense_variant		HP:0002007,HP:0002360,HP:0000717,HP:0001249,HP:0000750,HP:0001263,HP:0002539,HP:0034396,HP:0001252
